actual_value,xgb_predicted_value
0.696,0.6730983
3.356,2.5457299
5.00001,5.3004313
3.606,3.5483563
2.766,2.7636464
0.835,1.3134975
1.22,1.5063962
1.693,1.5421845
3.153,3.4717348
0.789,0.8974251
2.182,2.6426368
3.24,3.322795
1.292,1.0954807
1.313,1.7296307
1.316,1.5163784
2.148,2.1987913
2.896,2.6486902
3.476,3.1819205
5.00001,2.8120708
2.725,2.5720816
1.625,2.4540796
1.1,1.9102485
1.163,0.94601345
4.771,4.5014663
2.64,2.5450191
3.485,3.4455247
0.968,1.1692563
1.667,1.6379843
2.38,2.5656362
2.294,1.9265876
1.079,0.93736064
1.798,1.8365502
2.353,2.1422038
0.958,1.0282059
2.725,2.7361345
2.282,2.0004292
0.738,0.66133654
4.467,4.0195723
2.067,2.1252744
1.057,1.1760994
5.00001,5.088897
2.691,2.4253194
2.5,2.3312025
2.021,2.4147203
1.5,1.5757443
3.76,2.9857407
3.196,2.9312453
1.079,1.3694998
1.979,2.86183
3.266,3.7116916
3.857,1.9742556
0.677,0.8887756
5.00001,4.2981963
2.5,2.1687033
3.214,2.51815
1.0,0.28236848
2.393,2.00318
1.381,1.9609449
2.231,2.662039
1.687,1.9667499
3.519,4.3627934
1.133,0.948732
4.854,3.9746785
1.517,1.5359687
1.938,2.8258393
2.826,2.3287277
0.854,1.1742599
3.109,3.8821292
2.143,1.4153817
1.917,2.1763225
1.167,1.105055
2.352,2.2194836
1.098,1.472091
2.047,2.4810338
3.25,2.1064334
1.696,2.4225762
4.0,3.4389744
3.362,2.5255175
1.7,1.9317468
2.17,1.7068285
1.267,0.6904784
1.295,2.2426505
1.32,1.3665663
1.739,1.9224466
1.48,1.4067792
5.00001,4.484703
1.306,1.2408679
3.431,3.3947527
1.588,1.2761083
1.35,1.1815034
5.00001,4.757216
0.745,0.9361464
1.914,2.2577162
1.891,1.7346277
0.903,1.0020082
0.636,0.7952752
0.726,0.7714457
0.875,1.057284
1.58,1.4559642
4.35,4.2560153
3.461,3.4155312
0.59,0.7582843
1.128,0.9649989
1.017,1.0142558
0.846,1.2594205
0.97,1.7113428
1.238,1.6682838
0.922,0.60533863
1.646,1.8868763
1.917,1.5595243
2.909,3.2698238
1.537,1.8693244
3.124,2.711839
0.705,0.74817413
1.698,1.7738994
1.202,1.5537
1.625,3.1982312
0.885,0.9999198
2.858,3.2599459
1.311,1.5267544
1.306,1.5604564
1.832,1.6984388
1.375,1.0335819
3.307,3.691234
1.333,1.3781257
4.676,4.128631
1.053,1.6785818
2.523,3.5049665
1.814,1.7588866
1.875,1.8009741
1.705,1.6623894
2.802,1.6999252
0.587,0.9030268
0.742,0.6604362
2.275,2.2531219
2.12,2.3721812
3.5,2.6370575
1.639,1.7110761
1.964,2.2818718
0.952,2.1117659
2.319,2.5395985
1.154,1.1732459
1.2,1.6181018
2.031,2.2041442
3.944,3.3634398
2.444,1.8184729
1.291,2.0336354
1.938,1.697276
1.676,1.5743072
1.463,1.4868269
2.19,2.683511
5.00001,3.1924446
3.437,3.8322468
1.625,1.6477146
1.115,1.278027
3.768,2.3433075
5.00001,3.8582492
1.396,1.3739624
2.589,2.40517
2.181,2.7471838
2.279,1.8923082
2.281,1.5435474
1.5,1.4698821
2.38,2.842695
1.904,1.7626914
1.659,1.7341236
1.563,1.6618875
1.269,1.7410401
5.00001,4.4517183
3.619,3.4830332
5.00001,3.673829
1.923,2.4176152
2.698,3.2163172
0.913,1.1083287
2.894,2.864922
1.198,1.5545683
1.802,1.5151649
0.583,0.6717937
0.859,0.75455457
1.387,1.6117768
2.22,2.2312508
1.53,1.3478978
0.787,0.76802456
1.188,1.1959634
5.00001,5.423661
1.112,1.1677978
3.43,3.5089316
0.465,0.4110083
3.344,2.6805458
1.621,1.5237168
1.363,1.3341686
2.893,2.8438487
0.993,1.8517282
1.581,1.8162248
1.531,1.6137017
1.853,1.6800472
2.638,2.904336
1.824,1.2605537
2.68,2.8104157
0.968,1.239494
0.55,1.0911528
2.842,2.130513
2.881,2.9412231
4.033,3.3760445
1.25,1.1722306
0.72,0.47973576
2.15,2.098627
5.00001,4.772336
3.833,3.1473374
1.059,1.3053643
1.922,1.6899122
2.864,2.5699644
1.173,1.3774753
1.353,1.2150539
3.293,3.430863
5.00001,4.665758
0.543,1.055738
1.62,1.7332104
1.686,1.9842905
1.17,1.4882654
0.67,1.0396755
2.238,2.36507
3.238,2.971549
1.663,1.7415091
2.25,1.7456985
3.0,3.3644032
1.449,1.2012248
0.927,0.92801523
3.413,3.2262077
5.00001,3.5760531
2.382,2.472216
2.625,2.2648592
1.69,2.0119119
5.00001,4.9178185
0.957,0.5641618
4.232,3.9588742
5.00001,4.2242723
0.988,0.9753047
1.375,1.6260791
0.927,0.96957576
1.122,1.2597268
0.625,1.1808628
1.406,1.2660241
2.397,2.1275616
2.427,2.3951378
1.371,1.3313112
2.167,1.6443527
1.765,1.7640048
1.731,1.6925368
2.637,1.9217477
2.118,2.2374172
1.826,1.8084545
1.513,1.6867964
1.115,1.8389152
1.063,0.9689007
5.00001,4.641904
2.909,2.7805152
0.811,0.87347376
3.387,3.5979142
1.063,1.0436224
2.292,2.3492656
2.207,1.5564388
1.634,1.9108388
0.553,0.45314112
1.188,1.0494334
0.945,0.81660825
1.598,1.4939609
1.302,1.3342041
2.75,3.5117698
1.702,1.538856
1.015,1.1802584
1.981,2.8937275
4.219,3.7131848
2.635,2.0567005
0.661,0.47993517
5.00001,4.718683
1.465,3.1112971
2.684,2.7602332
1.663,1.6577265
2.413,2.7505772
1.127,1.0508548
1.141,0.8290256
0.786,1.1469193
2.448,2.6235483
1.8,1.6008543
0.835,0.9420081
2.186,2.0218935
1.069,1.108334
2.729,3.4024498
1.658,1.634631
2.393,2.178538
0.534,0.62342805
5.00001,4.238363
4.955,3.6806679
1.625,1.2115548
1.843,1.7380077
0.975,1.2314003
5.00001,4.337175
1.837,1.8215094
3.527,3.5391018
2.217,2.6708684
1.134,1.1731766
1.564,1.8980825
3.074,3.4622893
0.869,0.8727123
2.232,2.2444131
1.43,2.1432235
3.5,2.0958824
1.719,2.0189202
3.356,3.3091273
0.927,0.94889075
0.65,0.7565812
1.09,1.1755067
1.426,1.8697978
0.979,1.0903505
2.222,2.4478276
0.821,1.281636
2.25,2.6069832
2.581,2.2062285
1.869,2.724742
1.73,2.7356308
0.928,1.516537
1.0,2.085008
2.116,2.2451622
1.35,1.4141752
1.581,1.7073121
1.782,1.9436148
0.994,1.3375789
1.04,0.84465367
2.761,2.7282174
1.62,1.98015
1.904,1.6901399
1.066,1.585296
5.00001,3.4901247
2.184,1.5822653
0.581,0.6192524
1.623,1.9137859
0.738,1.3465168
1.625,0.984759
2.289,2.0176463
0.881,0.68750095
2.647,2.3785155
1.753,2.0281956
1.693,1.7561764
1.308,1.7219152
2.159,2.9354804
2.063,1.7907041
1.721,2.2277572
0.87,0.9466532
2.55,2.9914863
2.698,2.7622383
1.08,1.6923597
1.368,1.5626539
2.13,1.2415339
4.0,1.7597358
2.31,2.3580098
0.714,1.0636622
0.87,0.8592098
1.869,2.025949
1.123,1.2833936
1.632,1.7417809
1.885,2.5110054
0.506,0.7163489
1.952,1.81109
2.976,2.225061
1.547,1.4952352
3.74,3.9740424
1.227,1.323479
2.624,2.3436315
1.505,1.892763
3.639,3.6887937
3.656,2.7730026
2.719,2.6346323
0.725,0.76366013
3.0,3.1896455
0.956,1.2745811
2.53,2.6491325
3.877,3.3186827
2.664,2.565055
2.023,3.1301126
2.0,2.6414378
1.313,1.192375
1.125,1.4260912
1.93,1.9046215
1.583,1.5047232
1.868,1.9674
2.632,3.11662
2.324,2.5695894
3.685,3.3428543
1.591,1.819719
5.00001,4.0387316
4.273,3.2797797
2.554,3.1041656
1.601,1.8503697
5.00001,3.3811781
2.854,3.226129
2.65,2.2504356
2.956,2.8753111
3.613,3.7205243
2.239,1.8713853
2.348,2.07714
2.793,3.531842
3.067,2.4026845
3.481,3.8918521
1.92,2.1054018
1.194,1.7300383
2.952,3.1721845
1.015,0.8308079
0.617,0.6612111
0.82,1.11306
2.772,2.8796964
1.287,1.6539071
5.00001,3.0310202
1.684,1.9165013
0.588,0.98145574
3.186,2.2563882
3.465,2.7791493
0.567,0.8758218
0.623,0.7538335
5.00001,5.4161696
1.964,2.597694
0.833,1.2169641
1.016,1.0414802
1.438,1.8260639
5.00001,3.4171698
1.319,0.6687017
1.382,1.6023911
5.00001,4.640818
2.586,2.446581
1.656,1.7213457
4.286,4.005118
0.748,1.3033482
1.137,1.3993253
2.463,2.6518688
1.654,2.2359865
5.00001,4.7808204
4.569,4.5117154
1.089,0.964221
2.596,3.124518
1.456,1.6821718
3.478,2.790696
0.725,1.05067
2.979,2.7354565
0.595,0.5932148
2.914,3.656593
1.678,2.4259777
2.444,1.2978065
0.615,0.5598115
1.633,1.4997216
2.456,2.6976461
1.154,1.339624
1.629,1.9470228
2.46,2.0290587
3.624,3.6428196
0.854,1.4744246
2.686,2.7375684
2.269,2.9761248
2.102,1.8841529
0.938,0.88086224
1.015,0.801061
2.43,2.282052
1.4,2.0817199
1.542,1.8304373
4.075,3.1583335
1.872,1.9023476
4.147,3.5478487
2.741,3.2671015
1.852,2.120765
0.918,1.2458435
1.375,1.4242951
1.938,2.1598125
2.125,1.8645414
1.734,1.8492534
3.353,3.3623662
2.47,2.8686898
1.919,2.1125984
1.465,1.4069091
1.342,1.5113019
3.483,3.6539817
3.179,2.9281669
1.845,1.6598047
3.268,2.1695533
1.121,1.1775866
4.438,3.8556619
2.949,3.5642343
2.737,3.2045317
1.393,1.587891
1.152,1.5419219
1.142,1.5869315
1.956,2.0810065
3.242,3.1152434
0.901,1.2342532
2.225,1.8281796
1.199,1.2839091
2.458,3.470861
2.964,2.3909485
1.27,1.211833
1.186,1.119441
2.247,1.7282575
2.583,2.6434636
1.091,1.1574461
1.403,1.4267714
1.276,1.5425607
1.211,1.1065711
2.147,2.6821618
1.111,1.4890099
0.723,1.3033482
2.712,2.3350618
5.00001,3.4446778
2.189,2.6900132
3.436,3.3466654
0.852,0.7515619
1.924,2.4858034
2.122,1.816721
0.797,0.74929655
1.734,2.4789772
1.097,1.3683414
2.395,2.9570673
1.923,2.2184403
1.316,1.1220486
1.348,1.4427438
2.16,2.4868782
3.944,2.7541177
2.308,2.1067703
2.273,1.8845961
1.524,1.8348211
0.933,1.361272
1.608,1.475377
1.917,1.6685004
1.212,1.5518401
2.0,1.6331121
1.24,1.304806
2.331,2.3766787
1.385,0.95139277
1.685,1.3910117
0.555,0.84711635
5.00001,3.6241288
2.849,3.4476795
1.225,0.95605725
5.00001,4.6925726
0.869,1.2561316
2.045,2.4243393
0.9,1.0795422
5.00001,4.5593877
2.729,2.3632908
3.0,3.4194117
4.565,4.2021217
0.683,0.6485266
5.00001,4.2361984
2.063,1.6732844
5.00001,2.6137228
4.234,4.583339
2.329,2.4593208
0.905,0.96009153
1.306,1.4687895
1.577,1.1266768
1.716,1.7379606
2.177,2.1652896
5.00001,4.5436616
1.531,1.8548923
2.321,2.8274784
0.702,0.9871301
2.319,2.767502
0.906,1.1720947
1.372,1.3311893
1.853,1.8563641
1.567,1.6524404
0.821,0.89862037
2.034,1.8221262
1.706,1.9896744
1.208,0.9065193
1.857,2.4609728
1.344,1.4900519
2.277,2.3864675
2.19,1.9259473
1.456,1.4202964
1.926,1.5824203
3.478,4.0394177
0.329,0.2189397
3.417,3.0074947
3.713,3.7381008
0.816,1.0235846
2.163,2.2257218
0.73,0.7206654
0.952,1.6011719
2.651,2.3005064
2.862,3.6906798
1.411,1.6639514
2.574,2.3844151
0.958,1.3521292
2.718,2.3933873
1.44,1.4097631
1.997,1.8375101
3.5,2.9651651
1.25,0.89830357
1.298,1.0757505
0.647,0.878447
2.348,2.3493433
2.507,2.6563623
1.113,0.98688793
1.526,1.6114347
1.592,1.7113558
1.658,1.752026
1.532,1.3174626
1.132,1.357156
2.956,3.180416
2.58,3.0800786
2.268,2.242658
3.312,3.9139774
1.582,1.9758785
0.379,1.0788145
1.125,0.6815579
1.294,1.3811364
5.00001,5.2475424
1.78,1.8024992
1.61,2.0956676
1.881,2.0152173
1.643,1.8587223
1.584,1.725153
2.063,1.9708526
1.938,1.8257529
1.596,1.2150141
1.833,1.3218458
1.618,1.3641703
2.6,2.460668
4.048,3.1160831
3.125,3.2788935
0.576,0.7039331
2.053,2.1717522
1.813,1.8542219
1.402,1.2638825
0.902,1.0724069
3.667,1.5656977
1.589,2.2035208
1.26,1.4290415
1.482,1.5455917
1.052,1.37176
0.942,1.1395074
2.25,3.072188
1.875,1.8070616
2.375,2.1365685
1.764,1.5498828
2.079,1.5023284
0.637,0.7048544
2.608,2.311743
1.867,1.6634898
1.806,1.6034498
1.498,1.7436619
1.565,1.8238323
1.344,1.8923451
1.929,2.3977737
1.413,1.2749801
1.229,1.5314109
3.831,3.802242
1.254,1.1220987
1.469,1.5233293
1.91,1.3902224
3.406,2.8930979
3.361,3.4483225
2.318,1.351009
1.264,1.2995915
2.184,1.8708993
3.369,2.358241
3.862,3.929591
2.271,2.7076461
1.26,1.4474089
1.344,1.7903502
2.935,2.2076705
1.388,1.5021743
0.997,1.4718243
0.958,1.0745641
2.063,2.1627133
5.00001,3.9499695
1.109,1.6448009
3.939,3.460264
1.68,1.6441205
0.968,1.0800701
1.529,1.5519153
0.996,1.0973157
1.171,1.5409367
3.56,4.071881
2.0,2.1560023
3.071,3.010424
1.678,1.3656633
1.5,0.88483405
4.857,3.0931673
0.718,0.9309677
1.543,1.5589616
3.033,2.5544958
2.482,2.6546197
0.675,0.7841561
2.239,1.9438637
4.143,3.465497
1.135,1.1178404
1.976,2.3913646
0.802,0.7436701
2.056,1.9644859
0.941,0.9151193
2.413,2.771145
3.382,3.7624478
1.851,2.3777595
1.102,1.1398549
0.988,1.4595077
0.938,0.8262379
4.065,3.4693894
1.868,2.7642503
0.938,1.1249439
1.659,1.726701
1.688,1.9071871
1.446,1.3231317
1.322,1.4572091
1.182,1.0428344
1.5,2.1906438
1.372,1.9799235
3.5,3.3816283
1.568,2.0511882
4.072,3.3757348
2.938,3.5662959
1.029,1.2957212
1.359,1.1384217
0.934,0.9740492
2.636,2.795137
1.07,1.3708509
1.563,1.7316818
1.104,1.0357069
2.147,2.3511105
1.244,1.9115937
1.625,1.6897169
1.708,1.4781811
0.705,0.744519
1.183,0.92570746
0.634,0.4387101
2.341,2.2252848
2.273,2.9996595
4.0,3.2429233
1.214,1.0727391
0.714,1.0800773
1.589,1.5142919
1.478,1.626094
2.133,1.8355628
0.883,1.3001789
1.321,1.465261
1.168,1.4393381
2.402,2.350085
2.75,1.7832164
1.785,1.6885908
1.581,1.7362354
2.601,2.2245798
1.472,1.6338164
0.924,1.0816169
2.193,1.5830207
1.874,1.8053926
1.113,0.89884126
2.551,2.4853039
3.462,3.8104224
1.107,1.5317472
0.862,0.98728853
1.809,2.4206505
2.082,1.9685258
2.333,1.7333689
1.014,0.7535096
4.161,2.4996865
2.142,2.1303747
0.69,0.6647624
1.993,1.8187401
2.178,2.472461
0.9,1.1201555
2.236,2.7686722
1.952,1.5117048
1.104,0.49224806
1.337,1.2978022
1.615,2.3174167
2.457,1.9349043
0.892,0.9024883
2.414,2.5525026
0.514,0.4231675
1.216,1.4990528
1.706,2.1780581
3.522,3.4814973
1.65,1.6600027
2.383,2.3638296
1.459,1.223123
1.472,1.9143497
0.898,1.1769853
1.188,0.59771794
1.929,2.0997436
2.641,2.5791972
0.981,1.1830779
1.609,1.7190925
2.471,1.7649031
2.138,1.808817
5.00001,4.9162884
2.304,2.3924856
1.609,1.3909214
1.85,2.0782695
1.319,1.4549648
0.913,1.3891015
0.981,1.0877122
0.542,1.2387413
1.923,1.694181
1.193,1.5040504
1.743,1.0766755
2.167,2.4339619
0.875,3.6743643
1.227,1.4172578
1.74,1.6781384
1.125,0.98784536
1.89,1.5125252
4.6,3.851955
1.841,2.0608249
0.863,0.8886705
1.563,1.4942721
1.585,2.414233
5.00001,3.7836661
2.449,2.222794
0.455,0.6390216
1.434,1.3226193
3.595,3.5291255
2.067,2.5591924
3.542,2.4179041
1.875,2.3652353
1.241,1.2408025
1.676,1.1438185
1.942,1.8732268
2.144,1.991842
1.575,1.5558846
1.0,1.2385869
3.912,3.801852
0.574,0.4487876
3.273,3.2782989
2.356,2.4575331
2.162,2.1558666
2.105,2.371751
4.869,3.5957174
1.508,1.4910417
2.674,2.8913133
0.919,1.2535186
1.119,1.449844
0.668,0.64947873
1.777,1.8690983
1.0,1.0269161
0.567,0.4558211
1.1,2.3009334
5.00001,3.3786154
0.685,1.352993
0.543,0.6496728
5.00001,4.9929094
3.189,3.368023
3.745,4.1901054
0.526,0.69753706
4.507,4.0227346
1.29,1.6696107
1.625,1.6200535
3.022,2.628887
3.636,4.159907
2.883,3.1177423
1.1,0.7885298
1.265,1.569528
0.859,1.1361473
1.706,1.572707
2.813,3.519194
1.222,1.5906143
1.219,1.166253
2.188,2.062916
1.337,1.331901
1.334,1.7388617
3.254,2.5885544
0.55,2.1239314
2.179,2.5716348
1.185,1.2853006
1.472,1.6677234
3.34,3.7727692
4.885,3.886533
1.375,2.4289365
1.754,1.8488828
1.724,1.8429537
1.6,1.798441
0.925,1.5317546
2.467,2.3549497
0.813,1.1709305
0.813,1.0966812
2.879,2.8214116
1.46,1.8325344
1.459,1.6418872
1.804,2.155422
2.067,1.9332287
2.265,2.0958502
1.032,1.1365662
1.853,1.6985078
1.798,2.683782
1.149,1.8145726
1.75,1.7374275
2.138,2.3010383
2.875,2.9307933
3.882,3.5777183
2.027,1.9302533
2.27,2.3927739
1.08,1.0681183
2.4,2.9704235
1.567,1.5350633
1.443,1.7250915
1.664,2.067224
1.675,1.190892
0.857,1.1135484
2.435,2.037138
3.25,2.9616802
2.11,2.357743
1.479,1.7605692
0.833,0.95881337
1.256,1.1746501
1.701,1.8516529
5.00001,4.765582
0.984,0.7471354
1.514,2.2265913
1.285,0.9827743
5.00001,4.506635
2.161,2.549163
1.204,1.8350075
2.127,1.8581718
0.14999,0.6610265
1.143,1.2116284
0.603,0.64971846
3.625,3.9034715
1.677,0.9349388
1.286,0.96427006
0.967,0.9841694
1.154,1.4028562
2.014,1.9698524
5.00001,5.187658
0.544,1.1113262
3.24,2.6741357
1.863,1.7645714
2.589,2.7238154
1.469,1.1823997
1.8,1.8288293
2.128,1.9310937
1.514,1.733746
1.708,1.4284678
2.393,1.8647876
0.757,1.6837398
1.005,1.1134673
1.817,2.3586292
1.55,1.6299781
1.151,1.1072841
1.678,1.9743247
5.00001,5.385559
2.669,2.4806404
1.607,1.9194003
1.625,1.8308349
4.827,3.9178462
1.375,1.7231337
2.126,2.5355444
1.625,1.4753346
1.042,0.99272925
1.915,1.8140028
3.627,3.105536
5.00001,5.0969543
0.813,0.90167737
1.507,1.9662975
2.375,3.186623
2.081,1.7308092
1.375,1.6006702
1.248,1.3143966
1.798,1.5994575
2.907,2.455873
1.742,3.0242085
0.581,0.82852817
1.745,2.4765043
1.779,1.0506881
0.888,1.2147411
2.077,2.0452988
1.88,2.0731056
1.375,1.585153
1.675,1.2666066
4.646,4.417985
1.5,1.0466844
1.185,1.6674671
3.96,3.8748803
1.415,1.3374711
0.947,1.0091939
2.848,3.1519408
1.894,1.9546298
2.457,2.8717644
1.861,2.0753167
1.726,1.972483
1.236,1.5022349
1.527,1.6041758
1.475,1.1829895
0.664,0.67121863
1.44,1.9941576
3.626,2.9763596
1.31,1.7671497
1.265,1.3366649
5.00001,4.326918
0.631,0.7146044
1.283,1.2449914
0.66,0.70359325
0.837,0.94510925
1.833,1.6861986
2.209,2.3001873
3.08,2.1694086
2.346,2.0313103
1.125,0.8268574
2.759,2.1828475
3.5,1.6043743
1.041,1.2304463
4.313,4.455703
2.322,2.5069153
0.946,1.2831688
1.224,1.4192015
1.291,1.2858003
0.653,0.87264645
1.417,1.131713
2.508,2.984293
1.375,0.9984493
2.611,2.8114448
0.84,0.896731
1.011,1.1811528
2.157,2.110898
2.599,2.3822079
2.183,1.5844967
2.11,1.921789
1.996,1.8440964
0.647,1.0666082
1.504,1.4802735
0.557,1.058144
0.611,0.69324374
1.716,1.9005959
2.078,2.382471
1.91,1.6853161
1.125,2.224341
1.771,2.1591616
2.664,3.0893276
2.167,2.1700814
2.389,2.7247043
1.18,1.6384281
1.813,2.1508105
0.485,0.3116685
0.993,1.1156981
2.948,3.441507
2.513,2.3805964
2.028,1.9534309
0.712,0.84493655
3.162,3.8869925
1.514,1.1500685
3.5,3.6275823
2.768,3.0747766
1.563,1.7766435
0.574,0.4949244
1.38,1.7006587
2.48,2.8284714
4.815,4.50423
3.423,4.158728
2.75,3.34663
1.625,1.4781295
2.132,1.340067
2.141,2.6352315
2.688,1.9579868
2.27,2.6400275
3.67,4.0468
1.882,1.4956766
2.678,2.4650772
1.652,2.253172
1.91,2.851091
3.091,2.847091
1.426,0.98772967
2.219,2.5112536
3.208,2.4912846
1.578,1.4347711
1.591,1.5659698
2.685,2.3557575
0.959,1.2921863
1.46,1.2564214
1.125,1.6449696
2.7,3.5215378
2.84,1.9173238
3.324,2.664817
1.183,1.3138645
2.273,2.2885058
1.92,2.078291
0.89,1.0269
0.535,1.0893346
1.589,2.3624964
1.452,1.2820619
3.185,2.8974476
2.037,1.7679887
2.048,2.577738
0.634,0.8236967
3.433,3.4419293
1.782,1.8390714
0.62,0.73218644
1.795,2.1592753
2.792,2.0432706
1.381,1.9049456
3.864,2.6608038
2.878,2.6528373
0.533,0.56722194
1.582,1.4248409
2.107,2.0612187
0.455,0.6887565
5.00001,5.387635
0.6,0.8191393
1.306,1.1353143
2.458,1.9944268
1.26,1.0210031
1.246,1.3466264
0.591,0.8148473
0.917,0.6361942
2.58,2.3519108
1.607,2.0057046
3.16,2.7891297
1.358,1.5777303
1.58,1.6618676
1.679,1.9170291
2.365,2.033701
3.625,2.1041307
5.0,4.0307946
1.359,1.3255777
1.964,1.9557375
2.21,2.2243714
0.934,1.1891391
2.181,1.9592519
0.535,0.78083146
1.592,1.629498
1.113,1.0437938
0.576,0.5176458
2.512,2.3981962
0.855,1.6608816
3.086,2.8701162
1.327,1.2746012
3.249,2.3924196
2.442,1.9418198
4.328,2.5341616
2.426,2.4371378
5.00001,4.0503383
3.836,3.435282
2.537,2.7557468
1.741,2.2284205
3.325,2.6752548
1.116,1.3098822
1.601,1.6134827
1.313,1.3572712
1.463,2.2130346
1.378,1.7168509
1.089,1.0549814
1.972,2.9384677
1.479,1.5144453
3.431,3.4324012
2.472,1.7894576
0.806,2.1865234
2.75,2.4899669
1.435,1.9193904
3.037,3.1902018
0.55,3.133438
1.692,2.071618
1.415,2.016497
5.00001,4.003952
1.032,1.4595153
2.187,1.851142
3.445,3.7142315
1.6,1.4952897
1.396,1.7199283
1.88,1.9252697
1.857,2.134226
1.706,1.6251353
2.22,2.2847495
1.986,1.7794297
2.408,1.3016769
1.417,1.4934143
1.525,1.498554
1.757,1.7944381
2.698,2.2106342
2.932,3.5169084
1.0,1.1970572
5.00001,2.2764497
1.75,1.85181
2.51,2.8810718
2.327,3.136984
1.356,1.2887895
0.644,0.6648497
5.00001,2.9864454
1.173,1.3615987
2.135,2.2268996
2.819,2.956266
0.85,1.3470467
1.546,1.6343557
1.834,1.9038353
2.303,2.1663566
1.877,2.2625592
0.78,0.72399265
1.125,2.6243098
0.475,0.47968856
1.468,2.5823402
3.496,3.3881426
2.678,2.4071658
2.408,2.1718435
2.909,3.0221348
4.13,3.7311225
3.314,3.624847
0.582,0.6993847
2.26,2.69094
0.615,0.803078
3.054,2.627167
1.078,0.7935046
1.538,1.9521815
1.942,2.1976163
1.601,1.1041602
1.612,1.9944531
2.5,1.9413851
1.125,2.119481
1.668,1.8948268
0.694,0.8461356
0.881,0.8619623
0.879,0.9819662
0.74,1.1355796
5.00001,4.511879
1.625,2.057757
1.544,1.547295
5.00001,4.51135
0.882,1.3169694
4.324,3.3814626
1.344,1.5321181
1.469,1.6220181
2.325,2.700492
3.115,3.37261
2.921,2.653984
2.281,1.78496
4.853,3.6417363
0.598,0.7249345
0.763,1.1215414
1.13,0.9407452
1.566,1.6526924
2.707,2.4190922
1.194,1.7728249
2.42,2.5397544
1.038,0.9604243
2.443,1.6420017
1.095,1.6948305
1.523,1.7536907
0.847,0.9845197
0.75,2.7955365
1.455,1.9066422
1.568,1.1441697
2.466,2.3773613
1.31,1.6341012
2.353,2.4409747
0.732,0.8042527
1.971,2.0610478
5.00001,5.211687
1.148,1.5070487
1.648,1.673399
0.731,1.0259851
1.125,0.9976839
0.675,0.8886986
2.573,2.7232583
1.383,1.5870445
2.865,2.0414186
0.892,1.336322
2.335,1.5813386
2.54,1.9731014
1.026,1.1220962
1.795,2.313096
1.952,1.4967284
1.84,1.7409041
1.431,1.1787002
1.569,0.94266295
1.385,1.2591412
5.00001,5.109129
2.554,2.1250625
1.655,2.4345138
1.398,1.6963228
3.026,3.2037275
4.5,3.218
0.705,0.7664588
3.878,3.4820824
2.409,2.655602
0.722,0.8102878
0.75,0.6141904
2.379,2.3995771
2.677,2.238155
3.604,3.1194842
1.16,1.4928206
1.446,1.2816069
0.715,0.91709995
5.00001,4.724549
0.731,0.6977198
1.557,1.3415331
2.691,3.1164927
1.089,1.5400056
0.996,1.4955528
1.529,2.0884469
1.649,1.6921483
2.803,3.9295716
2.0,1.3611519
0.75,0.8166028
3.041,3.7037745
2.634,2.7839696
0.694,0.9273843
3.357,2.7930675
2.868,2.9025526
1.894,2.1136413
4.425,4.3154774
0.542,0.8858734
3.435,2.4429367
0.902,1.1589555
1.578,1.7459891
1.738,2.852405
2.239,2.5669653
1.927,1.9215553
1.899,2.6487617
2.099,2.6860614
4.112,4.281757
1.083,0.9473075
2.314,2.5788996
1.962,2.3604856
1.677,1.6410474
1.868,1.8319701
0.963,1.2207645
0.988,1.4053845
0.861,1.019852
3.859,3.8177128
2.5,2.1236475
2.75,2.843631
1.873,2.249583
1.992,2.1497765
1.323,1.605866
2.583,0.63193566
1.856,1.7210673
1.16,0.94038916
2.838,3.2298274
4.201,3.374616
1.66,1.9458023
0.917,1.189298
0.842,1.1150849
1.826,2.7429953
4.043,4.220101
1.722,1.9762092
0.762,0.8852115
2.611,2.5142725
5.00001,4.7968388
2.314,3.7414076
3.216,2.289436
3.106,2.6592054
1.595,1.608453
1.337,1.665823
1.544,1.8450147
1.013,1.0109612
4.176,3.6877446
1.182,1.4105511
1.242,1.6403028
1.846,1.9571556
2.042,2.3053696
3.91,3.2177732
1.447,1.6633186
1.113,1.4422569
1.694,1.9573852
0.533,0.88568187
4.776,4.2978163
2.427,1.5539871
2.284,1.7725213
2.352,2.2474353
3.493,2.1664364
2.504,2.030806
1.574,2.1295977
1.406,1.386044
1.651,1.8513962
1.731,1.7773926
3.217,2.8550656
0.991,1.3342543
1.984,2.6784847
1.875,2.3775582
1.884,2.5161881
2.674,2.2653193
1.153,1.3406674
0.446,0.77142775
5.00001,3.5719137
1.489,1.6956595
1.278,1.8580877
0.918,1.0305363
2.4,2.1602695
2.857,3.381732
5.00001,3.6421485
0.476,0.5418752
3.203,4.386301
1.332,1.9635217
2.427,2.904183
0.718,0.95524806
2.531,2.3187814
2.5,2.4819982
1.683,1.8171138
1.076,1.4776897
0.792,1.2435724
5.00001,2.8250666
1.669,1.8253782
0.713,1.2964323
0.925,0.57325196
1.625,1.4018292
1.257,1.2833934
1.668,0.99093723
0.546,0.60919124
1.475,1.7133186
1.5,1.2262385
1.782,1.6845052
3.66,2.3611412
2.221,2.5252588
0.67,1.3796971
1.027,2.0117276
2.701,2.4713771
5.00001,5.2320437
5.00001,2.9186428
1.163,1.0620658
1.75,1.7859027
1.75,1.8016543
1.554,1.36242
3.368,1.6404793
0.847,1.0310979
1.775,2.061908
2.6,2.1774113
1.563,1.3635895
0.944,0.89451784
1.158,1.212872
3.167,3.2561514
0.871,1.0595405
5.00001,5.288576
2.275,2.0501897
2.318,2.744789
1.34,1.2848226
1.267,1.5283113
5.00001,2.398162
1.875,1.3505819
2.652,3.2066865
1.599,1.5291557
1.493,1.8487391
2.333,2.6134539
0.886,1.0681331
0.592,0.7159957
1.0,1.1681476
1.669,2.2477362
1.004,0.8426179
5.00001,4.8291903
0.868,0.97138566
1.903,1.8236269
1.662,1.5937796
1.063,1.7883523
0.633,0.89000785
0.751,0.72463214
1.655,1.4273655
2.694,2.398541
2.125,1.7328277
2.701,3.148854
1.859,1.8019888
0.923,0.7388819
4.107,2.7215905
1.291,1.3947979
0.983,1.1859937
3.559,4.2242093
1.472,1.483957
1.429,1.4060928
2.25,2.1909447
5.00001,5.3120847
5.00001,4.504264
0.85,1.0449286
1.477,1.341903
0.733,0.72306395
0.433,0.7397431
3.211,2.8624516
2.646,2.027562
2.033,2.3585603
1.469,1.7147092
2.952,3.0819776
2.182,2.5088232
1.135,1.9740074
2.647,3.087856
1.26,1.5586674
0.965,1.8162216
2.0,2.0013585
2.324,3.2493086
1.136,0.9596076
2.139,2.5804727
3.734,2.6667118
1.475,1.3759747
2.932,2.9938657
1.568,1.1381251
2.365,1.8601344
0.875,1.1361146
0.3,1.0186825
1.75,1.9575094
2.613,1.7821579
1.7,1.7561234
1.136,0.9129919
3.722,3.4546428
2.063,2.1264806
2.125,0.94924784
0.896,1.330823
2.184,2.4393277
2.792,2.5334885
1.103,1.4109483
1.107,0.9636397
0.756,0.74529725
4.548,4.516837
1.722,1.7786006
1.405,2.1471133
3.026,3.0379615
2.891,2.9649136
0.67,0.80997103
2.865,2.4999378
3.49,2.8441148
1.795,1.8013474
2.726,2.9747186
3.276,2.9512985
2.539,2.4895415
1.784,1.4499912
1.964,2.1436913
1.968,1.7757617
1.157,1.4491049
1.914,1.8669932
0.621,0.6094669
0.865,0.9038687
1.932,1.4312652
2.794,2.8508818
0.883,1.4192697
4.367,4.1073794
1.325,1.0042633
1.622,1.5511512
2.006,2.1018434
0.463,0.48578984
3.048,3.5976195
1.026,0.9151487
2.014,2.2301333
3.919,4.059454
3.461,1.9788204
0.55,1.2574453
3.293,3.6594155
3.423,2.804771
0.517,0.3734632
1.101,1.6847943
1.598,1.6371349
1.599,2.1743777
1.955,2.0444148
1.143,1.0041289
1.126,1.0572858
1.488,1.3509073
2.431,2.1584847
2.097,1.7121027
1.038,1.308167
1.413,1.3132269
1.839,2.335219
2.734,2.4539964
1.03,1.2430156
2.099,2.3652458
1.294,1.2732109
2.5,2.9840996
0.721,0.9694653
1.467,1.875602
2.492,2.2267826
1.99,2.0190346
1.568,1.9313649
0.541,0.42986816
1.711,1.903782
2.632,2.5792832
3.231,3.093926
2.394,2.650844
1.442,1.6636822
1.431,1.6035637
1.991,2.3675091
2.675,3.7697625
1.625,1.116786
3.444,3.5239239
2.831,3.034956
5.00001,4.072838
1.394,2.1291964
3.57,2.534859
1.902,1.0392418
2.265,2.1717622
0.962,1.4405663
2.853,2.6017613
1.423,1.519171
1.848,1.7356883
5.00001,4.2315116
0.879,1.0254475
2.171,2.428823
1.503,1.7914109
1.761,2.1156652
4.612,3.5879726
1.904,2.2072406
0.629,0.87395877
2.941,2.351223
0.567,0.50681025
4.228,3.969824
2.097,1.711874
2.727,2.632689
0.875,0.8536882
3.9,3.056108
3.384,3.6675909
0.951,1.0821676
2.25,3.2307858
1.875,1.1380095
1.825,2.640757
2.768,1.7668194
0.722,1.4808288
1.44,1.5817182
2.407,2.2953243
2.306,2.4794753
0.719,0.8385032
3.311,3.6624641
1.932,1.9445236
1.535,0.9450386
3.359,3.3778043
0.666,0.69554186
1.142,1.3270811
1.32,1.1451154
2.629,2.5166252
2.144,1.9401262
1.522,1.5081221
2.058,1.512183
2.75,2.39822
2.383,1.7046334
0.766,0.86577857
0.972,1.6079134
1.176,1.2843137
1.289,1.1646125
2.145,2.2137034
0.824,0.78615135
1.565,1.7790893
1.877,2.3575132
2.393,1.7137908
0.699,0.7925467
0.495,0.6262524
1.167,1.0980036
1.086,1.6266499
5.0,3.4316387
2.955,2.567241
1.36,1.4979509
1.141,1.231329
2.708,3.3328428
1.238,1.601009
2.302,2.2919493
0.697,0.94664216
4.246,4.367385
1.431,1.6472969
2.05,1.1907717
0.968,1.5035411
1.485,1.7747937
2.194,2.6127682
1.471,1.2344646
1.118,1.4494472
2.287,2.7999992
2.5,1.8828728
2.541,2.5100124
0.842,1.3247645
2.792,2.787681
1.573,0.98103493
1.464,2.3853688
0.567,0.6199183
3.103,3.3032773
0.815,0.91215426
3.336,3.060958
1.445,1.213669
1.898,1.9503698
1.128,1.725662
4.563,2.7924752
1.62,1.6630449
1.875,1.7325159
1.408,1.5297159
0.993,0.99752766
1.142,1.3423285
1.261,0.68412596
1.067,1.1858647
1.281,1.4390845
3.742,3.6418786
0.953,1.3568243
0.875,0.6638735
1.138,0.88813823
1.571,2.3162673
1.846,1.5971419
0.875,1.1909629
1.426,2.1214426
1.344,1.4641637
1.117,1.3869034
3.855,4.3635106
3.562,4.047174
0.938,1.0108447
1.509,2.3879118
1.143,1.2232281
1.601,1.83569
2.012,2.7616923
2.588,2.4270813
3.07,3.0717502
1.633,1.8338001
3.312,3.3469303
2.218,2.2215369
1.618,1.8987223
5.00001,4.408168
1.52,1.0938032
1.928,1.6737175
1.146,1.7310598
0.866,1.2856084
1.878,2.0907946
2.345,1.4990405
1.365,2.0901234
1.643,1.6415064
5.00001,4.5342345
1.927,2.112752
1.542,1.7505043
2.419,2.0502188
0.55,1.1046652
2.344,2.7135653
3.528,4.1158247
0.803,0.93657285
3.46,3.4088085
0.542,0.82443506
0.697,1.0003117
1.996,2.6716187
1.804,1.7654065
2.239,3.4558136
5.00001,4.772821
1.085,1.3290366
1.473,2.0051847
5.00001,4.98471
3.185,2.8143408
0.882,1.097094
3.561,4.0074654
1.525,2.1554747
1.125,2.0421472
1.747,2.005076
2.446,2.0919003
3.219,3.5510552
1.432,1.8702788
1.867,1.894958
0.644,0.7926043
1.545,1.6460944
0.938,1.9351397
1.218,0.7466666
3.054,2.74817
2.915,3.6969752
3.757,3.1393774
1.76,1.7020026
5.00001,4.558303
1.215,1.3649892
3.5,1.3775471
1.266,1.2719017
2.796,2.8206005
2.306,2.0320988
1.242,1.3534418
2.051,1.7654772
2.201,2.5400975
1.139,1.4544117
3.038,2.5260823
0.587,0.5561562
1.058,1.2126669
3.016,2.1229515
1.883,2.3994255
5.00001,2.0938962
2.489,2.5634725
1.577,2.3052855
3.0,2.303132
3.994,3.4250696
2.139,2.5404887
5.00001,4.72177
2.082,2.4912002
0.745,0.60815257
1.2,2.0192933
1.097,1.5987709
2.984,2.3856552
2.575,2.6289384
2.96,3.746515
3.506,3.521964
1.235,1.4835563
2.359,2.4378698
2.0,3.1929593
0.547,0.81462914
2.42,2.5902445
1.655,1.8942682
4.513,3.6795464
2.337,2.3531115
1.538,1.7250221
1.657,1.414053
3.694,3.684998
1.966,2.374668
1.668,1.478579
1.361,1.4595784
3.355,3.0840535
1.704,1.5497456
2.614,2.9273536
2.107,1.924997
2.2,2.3265026
3.019,2.3979492
1.463,1.8575469
2.228,1.9290631
1.174,1.5139647
1.559,1.4634631
1.222,2.0156288
0.888,0.9659025
1.43,1.1617631
1.247,2.1940043
2.958,3.3424208
1.113,1.2549784
1.738,1.884418
0.571,0.87162477
0.936,1.4711295
5.00001,3.414134
2.289,2.3355422
0.561,0.5724228
2.478,1.9072096
1.838,1.9181136
1.543,1.6259956
2.313,2.2481685
0.738,1.3640898
1.308,1.4176769
1.13,1.2336979
0.56,0.84005076
2.82,2.3815808
4.113,3.8454075
3.042,3.5346544
2.264,2.060008
1.6,1.7772893
3.926,4.34416
2.061,2.0287697
0.939,1.1090455
0.964,0.9396226
1.752,2.221789
1.801,1.5891869
0.851,0.82008195
0.817,0.84840614
1.479,2.06818
1.458,1.4673843
1.952,1.4401435
5.00001,4.4903574
5.00001,5.1300306
3.148,3.4786615
1.032,1.3163528
0.84,0.7263493
1.621,1.5729694
0.947,0.8961732
1.065,1.381041
2.0,1.8636911
2.685,1.6913748
1.594,2.370258
2.398,2.0528893
1.519,1.6537646
1.76,1.6252255
1.682,2.0333202
2.746,2.73669
0.867,0.83615786
4.333,3.6990058
1.433,1.6838676
0.953,1.1730069
3.464,3.0699048
3.937,3.3357246
0.554,0.70367366
4.143,3.5914907
3.167,3.2948878
1.598,1.2211108
3.05,3.615699
0.8,0.7618221
0.869,1.262254
2.83,4.066455
0.928,1.1191071
1.24,0.94006765
3.35,2.336811
1.645,1.5298678
2.212,2.4025464
3.692,3.3112786
2.181,1.608318
1.458,1.9330558
1.508,1.8144495
1.591,1.5129037
2.17,2.3085916
1.404,1.8700625
1.98,2.613459
2.17,2.3610783
2.083,2.5414562
1.671,2.0772765
0.522,0.7094141
1.903,1.6485213
1.528,1.6500876
2.446,2.8008616
1.517,1.7797095
5.00001,2.8031905
3.289,2.3160455
1.67,1.7946477
2.436,2.4555402
1.53,1.4959624
4.368,2.2683978
1.705,1.548787
1.643,2.2689428
0.847,0.650596
1.996,2.330113
5.00001,4.697618
5.00001,5.4225736
1.05,1.2425209
0.623,0.55616695
0.858,0.8820605
5.00001,3.4675705
2.855,1.5728639
1.658,1.6871643
1.0,1.2059916
2.402,2.2251573
5.00001,3.9962232
5.00001,4.5085564
1.382,1.5371045
2.5,2.562737
4.085,3.4620671
2.615,2.7005208
3.553,3.1965728
4.872,4.463267
3.9,3.1899579
0.915,0.9378032
2.25,3.030552
0.735,0.95641017
0.915,1.1656208
0.965,1.2121457
1.625,1.4837592
0.887,1.0666202
1.099,1.174707
0.706,0.90097153
1.625,0.72161186
3.5,1.805759
1.172,0.8877199
2.705,2.2035606
1.633,1.956336
1.462,2.267328
5.00001,5.2735476
0.723,0.7613327
1.546,1.9176501
2.605,2.47689
0.879,1.4955467
2.961,2.0838044
1.008,1.2352177
1.953,1.8346363
1.038,1.288159
4.65,3.9011176
5.00001,2.0237203
0.813,2.2703645
1.231,1.5862229
0.686,0.4339916
1.788,1.990875
4.025,2.3614159
0.788,0.71415997
0.65,1.0365784
4.5,3.7851071
3.508,4.3769417
2.29,2.405584
0.948,1.1566782
1.667,2.0201185
1.271,2.0603411
2.697,2.5501685
2.449,2.1327102
1.224,1.5479904
1.825,1.7202095
2.291,2.353841
1.525,1.7128696
1.585,1.8865577
0.958,1.0895259
2.17,2.6224318
2.195,2.7517974
1.337,1.3580512
3.277,2.402344
0.92,0.7379065
5.00001,4.8115897
0.821,0.85689104
1.322,1.3321267
0.529,0.4576328
5.00001,3.9055126
1.825,1.6133331
1.927,1.773128
0.999,1.0414227
1.096,1.2781615
2.432,2.332773
3.191,2.8921344
2.708,2.769826
1.625,2.4649363
0.906,1.0230559
2.368,2.386398
2.445,2.524328
0.908,1.1624801
2.283,3.701136
2.282,2.0829318
1.636,1.5661302
2.243,2.3706923
2.145,1.9908682
0.816,0.99395
0.705,0.7788639
5.00001,3.8134108
3.091,2.2002485
3.197,3.2428737
3.156,3.6170406
2.25,2.0970645
2.952,1.8419482
4.116,3.7323475
1.348,1.4620751
3.415,3.2152205
3.512,3.4550247
0.45,0.75758904
5.00001,3.4935083
3.491,3.5467126
1.794,1.7124434
1.707,1.4891866
5.00001,4.6787143
2.111,2.010647
2.207,2.768467
0.934,0.90440446
3.524,3.468223
2.0,1.1492529
0.283,1.2803835
1.83,2.4909008
0.55,0.7101623
1.909,2.5684814
1.967,2.5023456
2.154,1.8643751
5.00001,4.612863
3.152,2.5042417
1.354,2.3242912
1.543,1.5668077
1.31,1.7003008
1.784,2.3513737
0.72,1.4762001
1.11,1.581842
2.434,2.5139592
3.457,3.3104448
0.661,0.9171636
1.375,1.4098055
1.561,1.4318103
1.45,1.540124
1.268,1.5200425
2.09,1.8356061
0.561,0.61130255
2.25,2.3535047
4.469,3.2719545
0.656,0.8282907
1.188,1.8006519
2.495,2.6987276
0.634,0.8513642
1.162,1.1545016
1.257,1.9996051
1.764,2.1412206
0.831,1.122939
2.56,2.5652947
0.785,0.9428781
1.064,1.2121295
1.405,1.527005
2.215,2.08417
1.991,2.0023572
1.823,2.1877832
3.081,2.9062333
2.699,2.1269715
1.301,1.551527
1.3,2.4454575
1.057,1.5473688
1.638,1.5524668
2.25,3.2083495
0.55,1.7763555
0.964,0.85544413
1.127,1.252113
2.285,2.4374642
1.373,1.6487631
0.934,1.4461462
1.766,2.0645833
1.144,1.3974624
0.755,0.7036433
1.639,1.552573
1.458,1.2926718
1.957,2.6605015
1.641,1.7741338
1.614,1.7518291
0.579,0.34817532
3.393,2.3412304
2.265,1.8479651
2.544,2.067884
5.00001,4.0166006
5.00001,3.3127394
3.513,3.940247
0.755,0.6777903
1.855,1.9047883
1.742,1.9392247
2.929,2.5458746
2.263,3.2491379
5.00001,3.7353024
3.762,4.057937
1.603,1.6457269
1.326,1.518246
4.183,3.9006846
2.25,2.5549345
1.425,0.82844985
2.763,2.78113
2.375,2.2091222
1.901,1.5692543
1.627,1.4582896
1.352,0.995936
2.481,1.8649068
1.954,1.8592063
1.582,1.5190678
2.389,2.313159
4.102,3.705413
1.683,1.8023272
4.191,2.5962667
1.206,1.2196031
1.312,1.5148487
1.555,1.6233903
1.181,1.5916126
2.289,2.7572455
2.046,1.8797629
1.297,1.4229072
2.16,2.2916782
0.933,1.0823714
2.125,2.3709595
0.954,0.99410975
0.786,0.7256443
4.0,4.3983016
1.362,1.2194343
2.013,2.0505035
3.365,3.4123774
1.823,1.6196336
2.795,1.4825168
1.048,1.722826
0.699,0.4044501
0.43,1.406138
1.803,1.8509694
0.976,1.1499698
2.676,3.613397
0.656,1.0436125
2.213,2.0041199
2.345,3.253835
1.054,0.9474997
3.273,1.4795948
0.796,0.75614375
1.323,1.0275573
1.94,2.213208
0.932,0.6905339
2.52,2.2671413
2.583,1.4431113
2.902,3.4318838
3.469,3.1839085
1.014,1.0256666
1.88,2.0023293
0.713,0.7519807
4.45,2.0655212
3.458,3.1293073
1.97,2.0396888
1.434,1.5148064
2.223,2.0668504
1.908,1.8927811
1.569,1.7157197
1.072,1.2547854
2.914,2.6816142
2.123,1.8698833
2.593,3.2340124
4.344,3.6248965
3.285,3.1960018
1.076,1.305873
1.565,1.5504239
1.134,1.4781748
1.986,2.1780643
0.894,0.76260775
5.00001,4.598213
2.651,2.750206
2.326,2.8475459
1.813,2.031009
1.779,2.5782657
3.088,3.483826
2.089,2.476121
2.181,1.944616
2.604,3.2763195
0.74,0.73479795
0.875,1.1864678
2.056,1.6563038
2.317,2.7540023
3.092,3.898906
2.192,2.0090785
2.795,2.6821957
1.306,1.0769284
2.404,2.4294517
5.00001,3.7285018
3.984,3.4671245
1.772,2.1068697
4.3,3.2396858
1.458,1.9576523
1.586,1.9454887
1.576,2.0056703
0.784,0.97489864
0.991,1.2677801
0.778,1.2108935
1.003,1.0043153
1.375,1.953188
0.875,1.1271241
0.675,1.1004422
1.908,1.8661041
1.462,1.5815693
1.182,1.841375
0.678,0.6973949
1.287,1.4473996
2.111,2.1177661
5.00001,3.3106613
0.62,0.69186896
3.333,3.6248271
1.556,1.8825135
2.545,2.4391806
1.905,1.9254333
2.374,2.5943508
1.411,1.4701014
2.16,2.766195
2.75,2.713659
3.021,2.2100267
5.00001,3.9056244
4.0,4.2074914
5.00001,4.3500376
0.953,0.94204706
1.036,0.8873604
3.179,2.8545358
0.652,0.4578154
1.521,2.089042
1.896,2.0272152
2.778,2.9490523
2.024,1.8559746
0.534,0.62777644
1.227,1.5021652
1.731,1.8818704
2.705,2.773624
3.213,2.8942642
1.085,1.084011
1.838,2.9197247
1.089,1.4106917
0.936,1.141676
2.688,2.4220843
1.569,1.4705317
1.827,1.7110417
1.503,1.1309121
0.87,0.96172774
1.094,1.1079562
4.167,1.2509383
1.625,2.4569592
2.181,2.8373537
1.297,1.6085209
2.438,1.929377
0.675,1.1010665
0.69,0.7519146
0.875,0.8160834
1.935,1.6833286
1.779,1.9001646
1.738,1.992269
1.651,1.8241833
1.727,1.7854525
1.539,1.8617481
4.291,3.180152
3.2,2.3821082
1.563,1.3268127
0.703,0.7892789
1.207,1.241689
0.969,1.0901005
0.689,0.98066646
0.741,0.6104714
1.375,1.9452665
1.682,2.036601
1.858,2.4495332
1.885,2.1023617
1.714,1.5220877
0.839,1.1150739
1.875,2.4438245
2.672,2.7865276
2.074,3.2490304
1.92,1.9510782
3.44,3.6112764
1.523,1.3444519
3.083,2.9394536
5.00001,5.401631
1.222,1.4416239
2.8,3.0843925
3.694,3.5608401
1.232,1.4650578
4.0,3.4327283
0.595,0.6011165
1.655,2.5709012
2.154,2.0978801
2.433,2.8500113
0.604,0.87290967
0.981,1.0914721
2.356,2.4775736
3.875,3.5908878
5.00001,3.3730345
2.341,2.2903764
0.88,0.9966943
3.521,2.6686547
1.398,1.5462947
1.5,1.5333802
2.117,2.0662925
1.597,1.4879543
4.419,3.920596
2.453,2.5998251
0.75,1.3140566
1.01,1.6160924
0.942,0.7528803
1.792,2.0276713
2.33,2.513102
2.563,3.2913585
2.662,2.5827143
2.218,2.4588513
1.576,1.4860967
2.308,1.5847158
1.072,0.8599753
0.498,0.8179305
5.00001,4.9222045
1.469,2.1972883
0.687,1.0898201
2.536,2.6014857
0.618,0.96148294
3.167,2.0004249
1.168,1.2801093
3.899,3.7330246
3.301,3.0563731
1.431,2.0755076
1.086,0.66857654
1.876,2.0495281
0.525,0.9637577
1.714,1.9336821
1.339,1.3512603
1.852,1.5155787
0.629,0.82519853
1.424,1.7383838
2.361,1.6252912
1.134,1.0278251
2.256,1.8829378
1.958,2.4608376
0.623,0.7715829
2.541,2.3572783
2.086,2.276053
1.965,1.8985308
1.64,1.6888934
0.7,1.2654169
1.775,1.8808458
0.769,1.3922275
1.702,1.0009811
1.722,3.7499208
3.569,3.103182
2.941,2.4009895
3.783,3.6694949
3.074,2.948979
3.359,3.3754687
2.5,2.1569803
2.479,1.8350722
3.612,3.5728016
1.094,1.3811861
1.221,1.1884252
1.108,1.1034799
1.607,1.4364196
2.458,1.8679987
1.048,1.205678
0.953,1.6622362
1.346,1.9049882
2.601,2.5039444
0.795,0.9028242
0.926,1.2137457
3.257,2.5023522
1.021,1.4592904
2.641,2.6741598
1.067,1.7201716
0.477,0.37444958
5.00001,3.8704574
1.058,1.6664953
0.905,1.1444815
1.821,1.9716036
1.207,1.4712749
1.269,1.7525393
1.516,1.4673965
2.027,2.558227
0.973,1.3546988
1.908,2.6748452
1.02,1.0910753
2.232,2.3581882
3.514,3.2917335
1.531,1.6002625
0.608,0.62305087
2.167,2.5430906
1.03,0.979102
3.167,1.6267722
2.901,3.0052722
1.364,1.7251158
2.227,1.7653075
2.185,2.16487
5.00001,4.9065986
1.1,0.8374657
0.797,1.066574
1.523,1.8364903
2.227,2.1663694
0.875,2.9004931
1.125,1.2215378
0.639,0.83271503
1.196,1.3463206
1.833,1.7985388
1.125,1.958192
2.385,1.9440771
4.188,4.10288
0.485,1.0264577
4.0,4.6224775
1.911,1.3696983
2.85,2.496949
2.872,3.6655972
2.14,2.0904145
1.457,1.8098319
2.943,3.2225568
3.815,3.7700415
0.873,0.80465764
2.649,2.9526873
2.38,2.618302
2.038,1.7039227
1.92,2.3289483
1.126,1.3437974
0.516,0.8599374
3.647,4.016437
1.79,1.6596675
3.28,3.8643157
2.318,2.2785096
4.206,4.107148
2.1,1.6085314
1.872,2.6231437
3.334,3.4699001
0.477,0.34966254
1.205,0.9454154
2.042,1.9904538
0.843,0.82629967
2.738,2.430948
0.762,0.8578624
5.00001,4.001225
2.216,2.1495876
2.125,2.0182803
2.803,2.986416
0.993,1.5331411
3.518,3.0240164
5.00001,4.837003
2.861,2.496323
0.551,0.83103997
1.397,1.793269
0.469,0.4936215
1.567,1.5618633
1.903,1.8134614
2.221,2.020965
2.905,2.920242
0.825,1.1559486
1.288,1.4369895
0.958,1.3024164
1.923,2.1269674
3.318,3.6138334
1.604,1.3509921
2.438,2.968401
2.56,2.2880518
0.71,1.0976359
1.317,1.7943602
2.225,2.507578
1.996,1.7017229
2.742,2.341935
1.571,1.8413994
1.825,2.2152994
3.25,1.9973634
1.752,1.8312002
4.974,3.5316353
2.707,2.6171165
0.934,1.1125313
4.538,4.6587467
2.295,2.154922
1.75,1.6719799
2.755,3.4473279
1.711,1.6505284
1.618,1.3681072
4.115,4.049385
0.614,0.8553355
2.954,2.125348
1.873,1.9852284
2.17,2.1451511
1.944,1.5785531
0.425,1.0089822
1.632,1.3094091
5.00001,3.716883
0.662,0.796415
1.172,1.3994905
1.254,1.1263248
2.751,2.4009557
1.805,1.7566231
1.809,1.884753
2.875,3.0844622
2.12,1.7010148
3.581,2.1147301
1.579,1.56536
4.17,4.3679633
0.901,1.1018983
1.625,1.6670841
0.788,1.0442711
2.726,2.9287739
1.647,2.0748374
1.169,1.3278315
1.889,1.1228393
1.33,1.6314806
1.426,1.277934
2.364,1.8058867
0.884,0.88931704
0.928,1.103398
2.861,2.4662592
1.5,1.9144903
1.909,2.4415925
0.581,0.73843557
1.875,1.7689813
2.815,2.804089
3.024,2.9091954
2.639,3.5199738
0.414,0.54596615
2.298,2.8364713
0.864,1.138094
1.94,2.8590713
2.352,3.50983
1.659,1.505533
0.931,1.2765957
4.0,4.099169
3.186,2.927255
0.775,1.3248832
3.056,2.2422395
1.954,2.082926
1.031,1.5363575
2.799,2.4290206
2.365,3.1361172
1.188,1.9853283
2.736,2.6781397
1.617,1.7807348
1.118,1.3848433
3.013,3.1391146
1.486,1.0005901
1.9,2.4469843
0.869,1.1173295
1.292,0.932767
1.516,1.5187252
1.595,1.558647
0.725,0.95011866
3.222,3.3217492
0.503,0.4366022
1.908,1.5506468
1.8,1.8028129
1.5,1.5484059
2.375,1.2231773
3.522,4.111631
2.25,3.6068037
1.557,2.0456283
3.505,3.203381
0.654,0.5441231
0.969,0.88360274
1.556,1.6697704
1.324,1.7432593
5.00001,5.469215
1.141,1.1999286
0.873,1.0210688
1.609,1.4832282
0.983,1.1316574
2.169,2.8084383
1.663,1.5167755
5.00001,4.8049474
2.743,2.1970317
1.596,2.037974
2.31,1.9660747
1.188,1.3549801
1.937,2.2908733
1.375,1.3888599
1.82,1.4019846
0.713,0.74922943
0.44,0.6708956
1.977,1.7070645
3.412,3.6343694
0.896,1.0453699
2.893,2.0276227
2.75,0.86179596
1.515,1.1624792
2.281,1.9368166
0.637,0.75327426
2.75,2.2884414
1.194,1.3034573
1.306,1.4654835
0.698,1.3586855
1.405,1.4591753
0.652,0.67364246
2.346,1.8691559
3.024,3.4431489
0.5,0.48576215
2.205,2.7324014
0.686,0.97877115
4.261,4.2679276
2.381,2.5881577
1.695,1.9052461
0.925,1.0053102
0.974,1.4259759
2.557,2.9079716
1.844,1.3779343
2.75,2.8231926
1.625,1.9702256
0.985,1.1557019
4.764,4.5922947
1.543,2.113996
2.207,2.5016422
0.771,1.1925488
1.475,1.3285395
1.663,2.2064688
0.895,1.6862059
2.445,2.5317924
1.266,1.1616162
3.534,2.842915
1.65,1.8585122
1.982,1.7389941
3.579,3.1995914
1.375,1.8074685
1.309,1.284654
1.647,1.645183
1.438,1.5126051
2.254,3.03201
2.469,2.7279787
0.964,1.2549309
0.829,1.1012945
2.416,2.6265998
1.596,1.8693326
3.611,1.9252918
0.513,0.4179759
1.344,1.4736769
2.761,3.0573893
1.61,2.0067377
2.355,2.2016034
1.392,1.5566614
5.00001,5.011127
5.00001,3.4333637
1.063,1.2539539
3.7,3.9449143
3.044,3.002404
2.257,2.4267192
4.303,3.591357
4.045,2.8665526
1.964,2.3637147
2.777,3.4331582
5.00001,4.4187894
4.0,3.1196418
1.845,1.9887892
5.00001,4.747604
1.726,1.5805479
0.813,1.0322005
1.656,1.6146903
2.314,2.4585948
2.703,1.6688125
1.139,1.4808216
2.356,1.8235105
2.737,3.179783
0.831,1.0275456
2.183,2.6817386
2.184,1.8153113
1.604,1.8321317
2.14,2.3739023
1.508,1.2584895
2.46,2.8961074
1.644,1.6350614
2.578,1.9640988
1.848,1.810654
3.536,2.6597614
2.202,2.0491738
2.03,1.9362203
1.509,1.942163
2.5,1.9169099
4.0,3.0939932
1.411,1.5733421
2.77,2.6476984
1.721,1.725373
1.136,1.4263283
1.642,1.5269855
2.393,2.1073196
0.565,0.4289131
2.526,2.387749
1.851,2.2628553
1.348,1.6396632
2.653,2.4299738
2.32,2.4107797
2.191,2.1835744
0.574,0.5285545
1.063,1.0923839
5.00001,3.0100968
1.358,1.275208
5.00001,4.8547974
0.854,1.1458455
1.298,1.1070472
1.775,1.8826005
3.5,3.3013728
1.795,1.9906878
1.75,1.7467119
2.739,2.2990017
2.071,2.033837
0.346,0.7900364
2.233,1.6735849
5.00001,4.4065466
1.572,1.4223475
2.583,1.9119635
0.495,0.83598006
2.083,2.7487164
0.698,0.55740476
2.648,3.1573117
2.89,2.8185353
0.857,1.1500624
0.869,0.7182633
1.739,1.6996628
0.6,1.3381436
1.707,1.6305684
4.309,3.4649537
3.209,2.5628412
4.0,2.9367218
1.48,1.2310958
2.691,3.0532436
0.818,1.2142022
1.792,1.9698936
1.357,1.237318
0.577,0.62705547
0.919,1.503921
1.234,1.1439506
2.054,2.1515267
0.989,1.1464698
1.898,3.0347683
2.369,2.0695114
2.057,1.7465227
1.844,1.9108831
3.75,2.0194244
1.375,1.0730494
1.988,2.052528
1.845,1.9986464
1.706,1.6946079
2.55,1.9757457
1.952,1.8553611
1.509,1.4395623
0.773,1.1694204
4.517,3.7764013
5.00001,4.8850265
2.318,1.650727
1.941,2.0422978
2.338,2.6480627
0.95,1.6334914
1.141,1.2994016
1.397,2.0369391
2.128,2.08142
1.429,1.6774689
0.903,1.1123981
2.307,2.610346
3.3,3.5759866
1.656,1.2459655
2.817,2.3447797
1.406,1.9140397
1.721,1.6458092
0.925,0.9496648
1.575,1.629983
1.313,1.7665043
1.352,1.3300358
0.925,0.8710294
3.988,3.360536
0.71,0.9041816
0.661,0.7042236
1.583,1.4009105
2.48,2.9807944
2.801,2.210654
5.00001,4.9063945
2.109,2.1995385
2.341,2.2318754
1.5,1.6615388
1.839,1.7898625
1.388,1.5041541
2.33,2.2688055
2.356,2.184479
2.042,2.1565537
2.674,2.747058
1.726,1.9636297
1.283,1.4244674
1.875,2.290263
2.478,2.6804829
2.188,1.9815645
0.583,0.6815513
2.045,1.1119349
1.303,1.0972079
1.782,2.0053241
3.729,3.4301536
1.42,1.3750525
1.372,1.3936096
3.163,3.3540316
2.464,2.4559815
1.078,0.94360495
2.102,1.9272108
1.011,1.3063709
0.673,0.7915978
1.256,1.8737404
2.154,2.0445697
1.125,1.1883961
2.587,2.030018
0.696,0.8627311
2.281,2.214727
1.997,1.8781867
2.495,2.5996315
4.1,3.1818614
0.561,0.63918436
0.95,0.84674364
2.419,2.5733814
1.546,1.6449152
0.638,1.2058592
1.591,1.9199444
2.16,1.7887801
1.75,2.995307
3.526,3.759264
1.046,1.1106757
3.585,3.985327
3.516,3.17828
0.664,0.9459934
3.741,3.85534
3.719,3.2537987
1.976,1.8779736
1.476,1.532008
3.103,1.882946
2.25,3.3798075
3.328,3.0923626
1.783,2.1694522
2.688,2.846982
0.916,1.2061223
1.364,1.5432287
1.398,1.6328647
1.635,1.2063437
4.224,4.3497796
3.825,3.000016
0.57,1.1091199
2.159,1.9435443
3.169,3.546234
2.633,3.3444498
2.29,2.0812283
4.508,2.3762994
2.328,1.7906142
1.625,1.3635004
1.8,1.7032245
3.667,3.4788918
1.281,1.1326632
2.956,3.0877573
2.897,2.7627084
1.107,1.4313847
1.422,1.5395257
2.584,2.0933235
1.238,1.4309429
1.369,1.6667141
0.544,0.79136926
2.236,2.549334
1.694,1.8512663
1.741,2.1941679
3.183,3.7418284
2.188,2.458046
0.4,3.080273
0.67,0.7447579
3.462,3.4890654
2.425,1.8930653
0.45,2.1050894
1.151,1.2378924
3.453,1.9346651
2.961,3.5157185
2.832,2.5346487
2.701,3.3882856
1.674,2.0797455
0.762,1.0497798
1.149,1.1037891
1.691,1.7060549
1.271,1.0173885
0.768,0.56957877
2.681,2.7214413
1.207,0.8684573
2.912,2.4399183
2.203,2.67521
1.852,1.7853198
4.051,3.9314618
0.878,1.0243653
1.452,1.7068999
1.27,1.3351294
2.399,1.8247257
1.926,2.7929769
0.901,0.8435576
1.502,1.602598
1.201,1.2494123
1.625,0.913494
1.54,2.4424295
1.025,1.3851811
4.156,4.694061
3.606,3.4710524
1.88,2.2014222
1.119,1.640969
0.767,1.0538718
0.667,0.59882605
5.00001,3.5663538
1.554,1.2674121
0.629,0.71124583
1.913,2.1112986
1.641,1.3929256
3.356,3.5826044
3.056,1.9640144
4.14,3.2487261
1.587,1.5215088
1.362,1.5963454
3.212,2.7397346
2.722,2.950131
2.653,2.1049511
2.762,3.2573051
1.673,1.6775106
0.792,1.0413003
1.0,1.4218689
1.372,2.1664686
1.585,2.239987
2.342,2.2798326
4.747,3.8031259
2.796,3.2538002
1.133,1.5971429
1.188,1.1709392
1.426,2.1160862
5.00001,5.0478005
0.773,1.1619022
1.733,1.4457791
2.416,2.575155
4.596,3.7857568
1.278,1.1036292
1.897,1.6124742
1.175,2.6021981
0.958,1.4463258
2.684,2.7760363
2.294,2.554887
1.563,0.7799828
0.797,0.94981027
0.799,0.75702477
2.684,2.8111737
0.66,0.7932679
1.712,1.6788762
0.944,0.9301493
2.339,2.3901622
5.00001,4.178092
0.858,0.64765996
1.338,1.2624949
0.938,2.948001
1.625,1.9659843
0.534,0.5540484
3.273,3.3211088
1.254,1.0125281
2.894,2.6696758
1.07,1.1557097
2.013,2.9730253
1.658,2.019987
1.603,1.4866296
2.44,2.513715
2.06,1.7139192
1.794,1.853481
1.958,1.6205918
5.00001,4.198656
1.549,1.5326734
0.478,0.5962203
1.361,1.5315518
3.078,3.0740829
1.854,1.1951239
2.05,1.7430034
3.393,2.7435646
1.125,1.8971624
1.375,1.1699691
1.738,1.3465339
1.964,2.093902
3.137,3.6373334
2.415,1.9983494
0.875,0.9765486
3.126,2.9949784
1.575,1.4801519
1.648,2.1917796
1.139,1.3796874
1.333,0.8379
0.913,0.8695299
5.00001,4.332364
3.323,3.2680883
3.587,4.008681
5.00001,4.1226654
2.26,3.2517095
1.583,1.8511153
2.882,2.4955084
0.967,1.2904512
0.743,0.67545205
1.83,1.980578
3.647,2.4166658
1.25,1.8678691
0.942,0.92624545
1.875,1.7216572
2.455,2.0046666
1.356,1.4357502
3.194,3.4693205
2.645,2.1555688
1.709,1.8831632
1.573,1.5731177
1.214,1.5543078
2.182,2.254815
1.648,1.2870557
1.275,1.0735166
1.32,1.3434231
1.06,1.0494374
1.469,1.527646
2.744,2.4215617
1.25,1.3659686
0.771,0.8916019
2.137,1.9412786
5.00001,4.5962577
1.689,1.9021974
0.971,0.9736225
1.286,1.6681348
2.829,2.5311542
2.225,2.6652298
5.00001,5.4125338
0.72,0.7786249
2.064,1.7477347
1.372,1.3942454
1.129,1.2423805
2.644,2.6952477
1.936,1.4499227
1.919,2.0341003
2.25,2.4546013
1.042,0.7895827
2.183,2.8790877
5.00001,5.371949
1.516,1.8303732
1.814,1.9487133
1.39,1.1248177
2.697,2.4432783
3.742,3.3834276
1.206,1.346986
0.652,0.7331367
1.125,2.4794688
5.00001,5.0341554
2.873,3.447619
1.714,2.0472493
1.225,1.37183
0.706,0.71087617
4.5,3.7116604
1.151,1.2041497
2.593,2.6728897
2.173,2.213385
1.634,1.4209986
1.12,1.1386225
1.135,1.2145238
2.881,2.7971587
2.123,2.0772133
0.998,1.1922922
1.384,1.3776512
1.51,1.2510386
0.949,1.0908092
1.792,0.9445956
3.1,0.8578611
1.714,2.0992477
1.338,1.7084874
2.402,2.7041678
3.25,2.9456658
5.00001,3.7753866
1.5,1.4150493
1.643,1.6810186
2.125,1.103805
2.275,2.2582588
1.375,1.358795
5.00001,4.526595
4.131,4.189477
1.542,1.3310293
2.175,2.9337723
1.884,1.9862938
1.053,0.56900907
3.53,1.8946512
1.438,1.8060975
1.167,1.1469482
4.0,2.1923337
2.349,2.2846122
3.431,3.999578
0.881,1.1860684
1.865,2.5584795
1.847,2.4545116
2.776,3.290067
0.735,1.563732
0.937,1.2870488
4.5,2.7871583
1.309,1.2840129
1.125,0.8934253
0.603,0.6372074
0.979,1.2158
3.152,3.6714616
1.0,0.9571286
1.818,2.5486343
5.00001,4.5275116
0.518,0.3534562
1.0,1.3675643
2.234,2.1396956
0.68,0.6771782
5.00001,4.5698266
5.00001,3.9101791
3.636,3.9462655
0.941,1.3309543
4.846,4.0092688
0.849,0.775098
2.765,3.1871653
1.36,1.9175509
3.5,2.9087288
2.348,2.434758
1.75,1.7429606
4.987,4.548464
0.804,0.7837238
1.897,1.455221
3.22,3.2678277
3.5,4.0647063
2.596,2.742528
2.221,1.6773384
0.509,0.7846637
3.025,3.435165
2.068,1.9628427
1.218,1.3610253
0.888,1.1855096
1.838,2.4835582
1.903,1.5864189
0.708,1.0489643
2.932,3.0644631
2.757,2.7300606
1.0,0.89113057
5.00001,3.907803
3.796,4.1579733
1.094,1.19981
3.511,3.946092
1.783,2.2081861
0.425,0.52869695
1.89,2.081491
1.875,1.6328527
2.635,2.1944323
2.25,2.6838605
1.397,1.107141
3.115,3.401894
2.25,1.8233981
2.449,3.5752337
0.915,1.2443126
2.534,2.4288201
0.692,0.9111697
1.49,1.3093275
0.722,0.72232246
1.988,1.4100386
3.427,2.713686
0.906,1.4866474
2.319,2.6152835
3.659,4.031229
2.37,2.3677654
1.271,1.3639057
0.487,0.4998722
1.614,1.9363734
1.582,1.5424424
3.814,2.7981293
1.135,1.2756599
1.037,0.96935666
2.657,1.9135263
3.222,2.8821177
3.477,3.9893405
0.89,1.0855839
2.75,1.9235585
5.00001,4.296604
2.713,2.3903465
2.129,2.061994
1.869,1.8639646
0.555,0.7500247
5.00001,3.3284597
1.25,1.5847173
2.653,2.423626
1.375,1.5312566
1.686,1.444439
1.944,1.7862895
1.941,2.4332829
1.17,1.247894
1.568,1.8280203
1.713,1.6128807
4.026,3.644104
5.00001,4.732091
2.279,2.2637305
3.531,2.8323073
1.576,1.3944453
1.463,3.2104213
2.614,2.1338904
3.208,3.265816
3.45,3.3025837
1.118,1.1907783
2.18,1.9486748
1.998,2.2424743
1.25,0.8926472
5.00001,4.354925
1.648,1.7313284
1.272,1.5500786
1.113,0.9405967
2.132,2.5705462
1.859,2.0991151
2.175,2.1075966
2.816,3.3256845
1.955,1.8784375
1.438,1.394905
1.256,1.1653928
1.854,1.4522685
1.049,1.1259912
1.745,2.1076202
2.183,3.0659285
1.024,1.0216757
1.781,1.83969
0.633,0.50077194
0.554,0.57553303
1.25,0.95626616
2.141,1.8754761
1.925,2.0407386
3.489,3.334788
1.181,1.4959831
3.203,2.743576
0.816,1.0944821
1.504,2.0428574
4.167,3.876896
1.216,1.2395725
2.146,1.8624092
0.679,0.77299196
3.561,2.5916681
2.386,2.5478039
1.625,0.9358133
2.011,1.4983767
1.255,1.4517208
1.958,3.5466833
1.364,1.2330123
1.484,2.0144114
5.00001,4.496092
1.517,1.4887134
1.856,2.090803
2.374,2.7995152
1.165,1.2624516
3.375,3.7433743
1.72,2.1321647
1.767,1.6975406
1.594,2.4553275
0.616,0.41898257
1.173,1.2917719
1.83,1.7584652
2.28,2.058003
0.657,0.92634815
1.453,1.3662615
4.0,3.8299422
1.713,1.6693597
2.598,2.4858098
1.221,1.5989683
0.413,1.0756766
0.75,2.5567927
5.00001,4.364536
5.00001,3.0278678
1.829,1.3272445
2.125,1.7756944
2.081,1.7102325
1.785,1.8789675
1.472,1.362449
1.188,2.1753182
1.671,1.5305414
1.629,1.4940115
2.45,2.182708
1.186,1.5713494
0.893,1.3364538
0.945,1.0707229
1.763,2.2833416
2.068,1.85794
1.501,1.5381432
0.765,0.98703766
3.086,3.0437949
0.79,1.0990822
1.955,1.9039181
1.367,1.6578474
1.21,1.6768082
1.786,1.7282413
0.822,0.59329873
2.38,1.9320239
5.00001,4.74382
1.125,0.9047516
2.132,3.0573492
1.392,1.2836368
1.348,1.4763514
1.052,1.0990413
1.425,1.7228333
1.011,0.65074605
1.175,1.5569184
0.879,0.918822
4.103,4.5774503
1.104,0.8395745
5.00001,4.0387316
2.41,2.6324892
0.608,0.7332405
4.956,3.3651233
1.917,1.5551991
1.268,1.3449305
0.447,0.31436485
2.481,1.5113939
1.428,1.5509338
1.901,2.0393498
2.349,2.0568607
2.195,3.0406156
3.659,4.308595
0.979,0.96097326
2.241,1.6499804
1.705,1.2376403
1.392,1.3432056
2.659,1.9392501
0.795,1.122832
1.426,2.0648935
0.799,0.66471153
1.156,1.1072488
1.46,1.651847
2.758,3.1757505
1.794,1.9159487
0.91,1.3954246
1.82,1.5910643
1.019,1.160982
1.46,1.9590968
2.879,2.9225137
1.341,1.4350293
2.397,2.1280534
1.833,1.7226406
3.536,3.893348
1.514,1.2358325
1.973,2.1873662
5.00001,4.7058396
1.421,1.6805545
2.051,2.144325
1.399,1.1495411
1.778,1.969357
2.716,3.3898034
1.357,1.3332329
0.77,0.9570591
2.782,2.9313865
2.171,2.115602
0.975,1.2265363
0.675,1.8673393
1.171,1.2616317
1.36,0.9567891
0.49,0.536902
5.00001,4.1669703
1.757,2.3233254
1.44,1.6063197
2.3,2.7501442
1.577,1.7635968
3.081,3.2112916
1.563,1.1307663
1.114,1.1444787
1.625,1.5472778
4.727,4.2553387
1.905,1.6897937
1.113,1.0482833
2.724,2.8317134
1.755,1.5278181
0.731,0.6401056
1.0,0.9666566
5.00001,4.9414644
1.013,0.8949348
1.129,1.3095601
2.852,2.5903842
1.448,1.6263409
1.734,1.6967406
2.25,3.3401046
4.333,4.216818
0.619,0.5368501
3.5,3.1915312
1.042,1.3403162
1.583,1.3784256
1.417,1.4664811
4.822,4.486122
2.819,2.9944913
3.429,3.004744
1.088,1.1695844
0.908,0.92297477
1.188,1.2949246
0.934,0.99136406
1.094,1.4808074
1.493,1.0637095
1.125,1.2972313
2.984,2.3155456
1.57,2.4911566
2.664,1.9349622
0.664,0.49788845
0.705,0.7839173
1.042,1.0373986
1.81,1.9967062
1.114,1.8695916
3.391,2.642728
2.25,3.030149
2.554,2.6357183
2.526,1.7559988
0.467,0.34661913
3.164,3.411821
2.139,2.540847
2.021,2.289179
2.063,1.4293061
1.779,1.7454543
1.281,1.1112332
2.794,3.2881052
0.898,1.0384358
5.00001,5.261778
2.034,2.0122635
1.328,1.2693834
0.803,0.8435151
1.785,1.5629765
2.269,2.2926853
4.051,2.8607013
1.807,2.4077058
3.167,3.1049285
1.951,1.9065931
1.643,1.7891932
1.225,1.3465339
3.5,2.566975
0.747,1.0026726
4.301,3.1718404
1.508,1.490684
1.106,1.214563
5.00001,4.71976
1.125,1.4935665
1.984,2.086446
0.617,0.8834473
1.503,2.3347404
0.554,0.5086027
1.663,1.2857788
1.214,1.511979
1.444,1.4499828
2.19,2.229228
1.635,2.400111
2.374,2.3850055
1.338,2.2595768
5.00001,4.4283814
1.806,1.548673
1.797,1.5592995
2.166,1.6374003
1.014,1.3015659
0.863,0.811462
1.844,1.6443871
1.823,2.1847944
1.265,1.6141521
2.473,2.6785784
1.063,0.7221227
3.39,3.4459083
2.784,2.1385107
5.00001,5.022936
1.809,1.9698561
1.759,1.581104
0.51,0.44271332
0.951,1.1443504
1.835,1.8086514
1.907,1.9013443
1.176,1.6083318
3.247,3.0837903
0.944,0.8395094
1.24,1.6183977
0.581,0.75000006
2.094,2.6101403
5.00001,4.430197
1.14,1.9445195
0.875,0.84242576
1.132,1.5423657
2.448,2.5695238
1.296,0.9826344
0.996,1.1242101
2.238,2.3458443
2.29,1.9990063
1.125,3.2549896
2.0,1.3982153
2.894,3.2632422
2.362,2.9259052
1.352,1.7615783
0.713,0.92817944
4.583,3.1880767
2.261,1.9505863
3.225,3.2610435
1.928,2.2921078
2.74,2.8712468
1.402,1.3092948
2.25,1.9491773
0.975,1.082579
1.076,1.4213375
1.558,1.7272967
2.991,2.6285152
2.321,1.7368386
3.782,3.3802805
1.381,1.2367809
0.728,0.8397838
3.599,3.7056372
1.22,1.4105034
1.185,1.1735797
3.846,3.9523695
0.885,0.94332075
2.583,2.1498802
1.599,1.6154552
1.556,1.6869618
2.39,2.771339
0.59,0.8522806
3.529,3.0404553
1.179,1.2534493
1.608,1.6330162
1.607,1.1605077
0.843,0.8630329
4.5,2.11581
3.509,3.7907584
0.828,1.2460358
0.483,0.43938133
0.726,0.7380962
1.112,1.0118381
4.029,4.04943
2.978,2.7498927
1.929,1.4513615
4.592,4.3321624
0.675,1.1079348
1.368,1.1650889
1.094,1.0481483
5.00001,3.4202478
1.441,1.4958541
1.039,1.2652212
1.265,1.2570981
2.515,2.0398638
4.585,4.325038
1.951,2.0352643
3.463,3.62594
2.01,2.229396
2.869,3.3449202
3.025,3.210965
1.179,1.1489981
1.325,1.5920392
2.431,1.6156417
1.541,1.6240337
1.449,1.6307573
0.685,0.6205544
2.507,2.6336236
3.218,3.8719325
1.5,1.7085308
4.385,4.0383196
4.89,4.1232743
2.058,2.0777996
0.815,0.761651
0.969,0.69520503
1.044,1.2694267
2.273,1.576311
1.329,1.5223695
0.92,1.12589
1.46,1.6181517
1.576,1.3159186
2.11,3.0266786
1.844,2.7022958
1.494,1.8173451
0.955,1.19255
1.219,1.9338332
0.895,1.15147
1.687,1.3887191
2.656,2.1089551
1.601,1.9389614
2.95,2.6184924
5.00001,4.151091
1.236,1.5899365
2.362,2.392632
1.027,1.1711814
2.47,2.737558
3.448,3.375314
0.906,1.0597821
3.343,3.3684452
4.504,4.1402264
0.631,0.70614684
0.871,1.0489985
0.964,1.3770177
2.219,2.4777038
4.302,4.4740815
5.00001,5.0935225
1.554,1.3698267
1.271,1.4625343
1.33,1.4768959
0.508,0.5005645
1.653,2.1111193
1.085,1.1361521
1.938,1.9208561
1.726,1.7367086
4.099,4.519627
2.598,2.9341218
1.385,1.4743423
2.483,1.7978544
4.836,4.412451
5.00001,4.8269086
1.534,1.6151934
5.00001,5.1193113
5.00001,2.3073018
1.549,1.0363714
2.667,3.0202222
1.93,2.0156782
1.725,1.6567851
1.833,2.5518618
2.411,3.0972388
1.838,2.019122
1.91,2.5937037
1.04,1.1854527
5.00001,4.452084
0.893,1.0533608
1.293,1.2910923
1.607,1.4638534
1.975,1.6696482
1.731,1.8061149
1.923,2.1379054
3.875,3.863319
3.847,2.7960258
1.375,1.4265845
0.675,3.1958861
1.225,1.7847073
2.117,1.8881319
2.802,3.4555435
1.185,1.417009
1.219,1.2868259
3.766,3.7103796
3.246,3.6801353
1.441,2.2280078
5.00001,5.4117703
1.938,1.1968317
2.72,2.3860707
0.781,0.77550495
3.585,4.6460676
5.00001,4.241733
0.818,1.2019721
1.75,1.2468456
3.043,2.642167
4.0,3.3493829
0.513,0.6802442
1.955,1.9591042
0.858,0.8463443
0.929,1.0271313
1.735,2.6520097
1.411,1.632375
1.367,1.3533967
3.439,2.4036014
1.095,1.8497418
1.953,1.3109627
1.891,2.1293077
1.206,1.6546744
4.457,3.9387372
0.575,0.7279904
2.75,3.4136586
1.001,1.6024191
2.21,2.123867
5.00001,4.530183
1.8,1.4904698
1.716,1.443357
0.679,0.75513154
1.938,2.271137
3.275,3.165205
0.648,0.71544033
0.87,0.8781164
2.812,2.7104325
2.434,2.3836334
5.00001,5.0188913
5.00001,5.012077
1.845,1.6630768
2.023,1.91279
3.275,2.8748548
2.688,3.1079562
0.584,0.8423289
0.985,0.95153207
1.72,1.2448087
1.92,1.3677281
2.26,2.3648028
1.393,1.2215327
3.058,3.175336
1.471,1.2842321
0.855,1.1873379
0.833,1.1556101
1.391,1.0472652
1.311,1.4239261
3.553,3.7735052
1.603,1.5200219
2.841,3.3558946
0.952,1.2185233
0.467,0.44873765
3.619,4.396541
1.583,1.3455184
5.00001,4.2353153
2.195,1.9352021
0.943,1.7008677
4.034,3.9863636
4.283,3.389553
2.25,3.4313514
2.393,1.8787426
0.822,0.8977279
1.81,2.199925
0.652,0.61662847
3.683,3.1190586
0.912,1.8712302
1.721,1.8654858
0.445,0.43100145
5.00001,4.0459785
2.5,2.7029796
1.104,1.0023704
1.746,1.7462866
1.237,0.8707576
2.408,2.2594438
3.825,3.782322
3.683,3.4978898
2.423,2.6452963
0.678,0.68043524
1.917,1.955421
1.62,2.4645243
0.543,0.8616203
2.639,2.892953
0.983,0.9866956
2.035,2.7614324
3.073,2.8346233
3.237,3.867153
2.093,2.0062902
2.26,2.4692452
1.26,2.1087627
1.419,1.6348826
0.795,1.0141784
0.819,1.0840985
2.702,2.8394325
3.151,2.8748403
2.174,2.503704
0.528,0.48487744
3.504,2.8461754
1.693,1.9095331
1.665,1.501121
1.363,1.6794225
4.541,3.882396
1.694,2.8285806
2.092,2.4358008
2.045,2.094444
0.646,0.5592727
3.5,1.8836659
3.842,4.07633
2.448,2.972518
2.823,1.9346184
1.077,1.4342586
0.724,0.88203555
1.831,1.5686703
2.015,1.7955277
3.418,3.7375743
2.277,2.551652
1.411,1.6859266
2.451,2.2654977
1.9,1.8547997
1.353,1.678139
5.00001,4.8795724
1.597,2.0951922
2.201,1.9509014
0.558,0.6209055
1.267,1.2351954
2.346,1.8656703
1.167,0.60879874
0.628,0.75173277
2.093,1.9382907
1.813,1.8781885
0.874,1.5715966
2.356,2.0426607
4.5,1.3853831
1.63,1.7495297
2.0,1.823248
1.621,1.9181035
1.083,1.3927743
0.845,1.0516005
2.574,2.535719
0.592,1.0409163
1.183,1.3532414
2.262,2.331829
2.267,2.024106
1.417,2.4869633
2.429,2.669177
4.409,3.6711755
1.603,1.7431091
3.029,3.0848613
1.55,1.9729902
1.391,1.9609824
3.493,2.534967
0.575,0.7223713
2.476,2.3361473
2.5,1.443345
2.549,2.201239
1.758,1.7641418
1.343,1.2594821
4.29,2.6686246
1.967,2.581863
1.641,1.9339252
5.00001,4.9375153
1.775,2.3064833
0.538,0.54555464
1.259,1.4909439
1.262,1.6677841
1.089,1.0746294
0.957,1.4643073
1.936,1.8216482
3.79,3.3101225
1.438,0.9547564
3.295,3.172959
1.322,2.4677486
3.13,3.0339448
3.329,2.9157214
1.927,2.1319716
2.436,2.7306302
0.883,0.71109605
0.957,0.9700168
1.076,2.0285468
1.21,1.3005081
2.101,2.1170015
1.568,1.5075939
0.734,0.47502235
2.473,2.3141477
0.863,1.1077031
3.1,3.8301704
1.113,1.4548377
1.035,1.8709841
1.368,1.5109593
1.126,0.93482363
2.345,1.8835258
1.342,1.5956509
1.665,2.1200795
2.194,2.2314546
2.129,1.5841376
2.441,2.7514913
1.875,1.7952026
2.157,1.7603325
0.832,0.7273622
5.00001,4.1040344
2.813,2.7038803
0.647,0.7815176
2.386,3.4435
5.00001,4.6407223
1.063,1.7581456
4.314,3.4355006
1.792,1.7436363
1.018,1.2803766
2.667,2.3917785
5.00001,3.8574018
3.694,2.6899571
1.575,1.3211229
1.513,1.9445937
1.402,1.8263882
0.508,0.45585397
2.616,2.09847
4.17,3.1435735
3.955,2.934684
1.554,1.3442959
1.354,1.8930204
0.427,0.4624781
0.795,1.3640965
3.379,3.8872828
4.5,2.4027755
1.135,1.4798498
0.675,1.3146394
2.904,2.5100658
2.738,2.547403
1.467,1.6678923
2.302,2.5310974
1.801,2.9606936
1.461,1.4389881
0.949,0.8498659
1.18,1.3047462
0.7,1.0418924
3.378,2.829606
1.44,1.4436764
1.953,1.8190548
2.213,2.1300304
1.237,1.8084279
5.00001,4.95287
1.018,1.0726192
3.397,2.899767
1.519,2.0914152
1.844,1.4403518
1.868,2.0203507
1.913,1.9568756
3.922,4.0844464
1.728,1.4934288
1.908,1.7934849
2.478,2.5065956
0.839,0.89783704
1.068,0.9976839
1.034,1.2564336
0.684,1.0845343
2.241,2.3985927
4.75,1.5783978
0.955,1.0107242
2.0,2.0429583
0.682,1.02409
2.533,2.2469437
1.969,2.607415
1.22,1.6570871
0.817,1.2527634
0.45,0.43892476
3.667,2.8827565
3.097,3.3395145
0.635,1.065782
1.77,1.3929881
1.535,1.2873036
2.262,1.9398392
2.264,2.388628
1.117,1.6820492
0.734,0.7508977
0.691,1.0716298
3.761,3.5261874
2.505,2.6353023
0.666,0.8916212
1.178,1.1995512
2.694,2.5474494
2.026,2.6271925
1.274,1.9882607
1.082,1.270108
0.625,0.87373626
0.927,0.87489855
1.333,0.8844217
2.585,2.8252165
3.405,3.5494251
5.00001,5.0547457
1.336,1.2759702
1.238,1.4290895
2.75,1.5415552
1.929,1.6887991
1.45,1.4563702
1.931,1.9046322
1.372,1.6723993
1.053,1.508547
3.527,3.8431246
2.549,3.0151849
0.858,1.4681673
1.473,1.3061144
1.388,1.2368585
1.727,1.5724666
2.716,2.3738098
2.402,3.1517303
0.841,0.7392485
1.326,1.2589108
2.457,2.4314308
3.864,4.0072203
1.235,1.1197963
4.75,1.5715942
1.114,1.0954041
1.25,1.4272654
1.976,1.6641037
1.335,1.8854244
2.504,2.2269647
1.466,1.573566
1.005,1.0828311
0.993,1.0046769
2.182,2.3258948
1.292,0.66447926
2.161,1.7737067
3.947,3.6398287
1.426,1.4695284
3.159,2.5293014
1.879,2.3588214
1.604,1.3006696
1.353,1.7936181
0.52,0.69523287
1.438,1.7347203
1.922,2.9959495
1.025,0.9880767
0.596,1.0092773
1.33,1.1509193
1.75,1.5297546
1.705,1.3218412
2.817,2.3301954
1.25,2.1850371
1.538,1.7900666
1.429,0.8748151
1.102,1.2017903
1.327,1.3214927
1.851,2.0022633
3.988,4.0835123
2.036,1.7002456
1.701,1.6971354
1.555,2.0581803
3.095,2.615408
4.41,4.067292
1.839,1.7025645
1.842,1.9441597
2.208,1.9376746
3.963,2.8317046
1.188,1.2579225
1.302,0.9832532
1.423,1.337515
3.04,1.6913356
2.414,2.273304
2.688,2.962878
1.141,1.298593
1.635,1.609853
1.391,1.1868058
2.211,1.7627819
1.625,1.4001807
1.813,1.6784163
2.276,2.6258242
1.851,2.088551
3.955,3.547697
1.92,1.9650364
2.405,3.0496075
0.699,1.0498502
1.875,1.6766737
2.185,2.2520082
1.396,1.537514
2.492,2.0498316
0.431,0.45529664
1.019,1.2019141
2.715,2.2616107
1.471,1.6367491
1.547,1.5818231
2.002,1.9122915
1.962,2.150225
1.803,2.5320437
2.466,2.8214355
1.0,1.1643018
0.988,1.1330558
1.176,1.5664238
1.474,1.557848
3.854,3.0650144
2.277,2.091119
3.782,3.2306929
1.866,2.3728685
2.985,2.68506
2.298,2.6326573
1.604,1.4606969
2.848,3.6207745
1.611,1.2438843
3.471,3.0312767
1.851,2.6575086
1.497,1.6399293
2.67,2.4444714
1.379,1.6219301
1.651,1.7662803
1.721,2.5634284
3.364,3.743254
5.00001,4.506096
3.766,3.3973548
0.677,0.8856777
0.734,0.95320445
1.784,1.3686098
2.177,2.15388
0.829,0.70487845
1.125,2.0649037
1.273,0.918493
3.714,1.5608377
2.164,2.4535851
1.922,1.7369009
1.0,1.0376279
1.125,0.7908001
1.225,0.8965613
0.689,0.9528719
5.00001,4.634032
1.5,1.50877
1.978,1.8588792
5.00001,4.1573243
2.045,1.9217888
2.421,2.529542
1.331,1.441145
1.038,0.6079338
1.65,1.6530024
2.287,3.384935
1.304,2.0711002
5.00001,3.990246
3.552,2.7552276
4.232,3.4708393
1.744,1.9591731
1.054,1.0795522
1.875,2.4707742
5.00001,4.582507
1.393,1.3862065
1.463,1.2838671
5.00001,4.610318
4.113,2.8343306
1.476,2.0684576
1.181,1.8837321
3.674,2.9407659
0.736,0.59553456
1.875,2.3205075
0.846,1.1308725
1.364,2.0829408
0.45,1.101601
3.479,3.7613053
2.825,2.1076827
0.63,0.8951622
0.269,0.8315409
2.915,3.350841
0.699,0.83758414
0.602,0.65997076
2.361,2.7561965
5.00001,5.2657676
1.938,2.7521174
1.375,1.28696
3.422,2.5614681
5.00001,4.3850417
2.365,2.561604
1.658,1.7538142
3.459,3.856718
3.107,2.9235976
1.713,2.047629
2.309,2.0010407
3.941,3.8313963
4.123,3.9833865
1.129,1.1491895
0.886,2.0439885
0.709,0.8848408
2.791,1.9622089
3.656,4.1706805
2.168,2.3568223
1.61,1.5454739
2.152,1.8219861
2.876,2.7832947
1.394,1.5837454
2.383,2.2682781
2.821,2.113447
1.676,1.437869
5.00001,4.450102
2.545,1.95148
1.654,1.298957
2.264,1.5563921
0.865,0.95641017
1.844,1.5563006
0.905,1.0978298
0.807,1.1169782
2.559,1.9579502
0.456,0.4901848
1.714,2.3981063
1.667,0.8956434
1.247,1.8803196
3.085,2.7610078
2.652,2.0152488
1.813,1.3704724
1.976,1.3053979
1.981,1.8174571
2.059,1.7516978
2.431,3.3086991
2.494,3.0772302
3.974,4.066929
1.039,1.3142643
2.398,2.9268022
1.15,1.5822259
0.55,1.0356425
0.942,0.9977358
1.887,1.8157213
3.592,3.6185143
1.13,1.1238751
3.724,3.969795
1.252,1.3340915
2.335,2.0787034
5.00001,5.0961595
4.147,2.982065
0.684,0.8452518
5.00001,4.414852
2.173,2.5478268
